{
  "generated_at_utc": "2026-06-28T21:44:22.427092+00:00",
  "source_gpkg": "data/source/tfl_6/terrain/tsm_detailed_polygons_tfl6.gpkg",
  "step200_gpkg": "planning/tfl6_mp11_p9rf_table12_step_200.gpkg",
  "mp11_step210_target_ha": 1993.0,
  "accepted_public_proxy_candidate": {
    "scenario_id": "roads_v",
    "source_feature_count": 5,
    "source_overlay_area_ha": 2.911686100032307,
    "deduction_ha": 1.4246179140296769,
    "delta_to_mp11_ha": -1991.5753820859704,
    "abs_delta_to_mp11_ha": 1991.5753820859704,
    "delta_to_mp11_pct": -99.92851892052035,
    "retained_fragment_count": 43531,
    "deducted_fragment_count": 10
  },
  "best_candidate": {
    "scenario_id": "roads_p_iv_v_u",
    "source_feature_count": 41,
    "source_overlay_area_ha": 36.97710713583266,
    "deduction_ha": 2.1590397000705437,
    "delta_to_mp11_ha": -1990.8409602999295,
    "abs_delta_to_mp11_ha": 1990.8409602999295,
    "delta_to_mp11_pct": -99.89166885599245,
    "retained_fragment_count": 43529,
    "deducted_fragment_count": 16
  },
  "records": [
    {
      "scenario_id": "roads_p_iv_v_u",
      "source_feature_count": 41,
      "source_overlay_area_ha": 36.97710713583266,
      "deduction_ha": 2.1590397000705437,
      "delta_to_mp11_ha": -1990.8409602999295,
      "abs_delta_to_mp11_ha": 1990.8409602999295,
      "delta_to_mp11_pct": -99.89166885599245,
      "retained_fragment_count": 43529,
      "deducted_fragment_count": 16
    },
    {
      "scenario_id": "roads_p_v_u",
      "source_feature_count": 36,
      "source_overlay_area_ha": 36.478778950929815,
      "deduction_ha": 2.1590397000705437,
      "delta_to_mp11_ha": -1990.8409602999295,
      "abs_delta_to_mp11_ha": 1990.8409602999295,
      "delta_to_mp11_pct": -99.89166885599245,
      "retained_fragment_count": 43529,
      "deducted_fragment_count": 16
    },
    {
      "scenario_id": "text_unstable_or_potentially",
      "source_feature_count": 41,
      "source_overlay_area_ha": 36.97710713583266,
      "deduction_ha": 2.1590397000705437,
      "delta_to_mp11_ha": -1990.8409602999295,
      "abs_delta_to_mp11_ha": 1990.8409602999295,
      "delta_to_mp11_pct": -99.89166885599245,
      "retained_fragment_count": 43529,
      "deducted_fragment_count": 16
    },
    {
      "scenario_id": "roads_iv_v_u",
      "source_feature_count": 10,
      "source_overlay_area_ha": 3.410014284935146,
      "deduction_ha": 1.4246179140296769,
      "delta_to_mp11_ha": -1991.5753820859704,
      "abs_delta_to_mp11_ha": 1991.5753820859704,
      "delta_to_mp11_pct": -99.92851892052035,
      "retained_fragment_count": 43531,
      "deducted_fragment_count": 10
    },
    {
      "scenario_id": "roads_v",
      "source_feature_count": 5,
      "source_overlay_area_ha": 2.911686100032307,
      "deduction_ha": 1.4246179140296769,
      "delta_to_mp11_ha": -1991.5753820859704,
      "abs_delta_to_mp11_ha": 1991.5753820859704,
      "delta_to_mp11_pct": -99.92851892052035,
      "retained_fragment_count": 43531,
      "deducted_fragment_count": 10
    },
    {
      "scenario_id": "roads_v_or_u",
      "source_feature_count": 5,
      "source_overlay_area_ha": 2.911686100032307,
      "deduction_ha": 1.4246179140296769,
      "delta_to_mp11_ha": -1991.5753820859704,
      "abs_delta_to_mp11_ha": 1991.5753820859704,
      "delta_to_mp11_pct": -99.92851892052035,
      "retained_fragment_count": 43531,
      "deducted_fragment_count": 10
    },
    {
      "scenario_id": "text_unstable",
      "source_feature_count": 5,
      "source_overlay_area_ha": 2.911686100032307,
      "deduction_ha": 1.4246179140296769,
      "delta_to_mp11_ha": -1991.5753820859704,
      "abs_delta_to_mp11_ha": 1991.5753820859704,
      "delta_to_mp11_pct": -99.92851892052035,
      "retained_fragment_count": 43531,
      "deducted_fragment_count": 10
    },
    {
      "scenario_id": "text_unstable_or_roads_v",
      "source_feature_count": 5,
      "source_overlay_area_ha": 2.911686100032307,
      "deduction_ha": 1.4246179140296769,
      "delta_to_mp11_ha": -1991.5753820859704,
      "abs_delta_to_mp11_ha": 1991.5753820859704,
      "delta_to_mp11_pct": -99.92851892052035,
      "retained_fragment_count": 43531,
      "deducted_fragment_count": 10
    },
    {
      "scenario_id": "text_unstable_or_roads_v_u",
      "source_feature_count": 5,
      "source_overlay_area_ha": 2.911686100032307,
      "deduction_ha": 1.4246179140296769,
      "delta_to_mp11_ha": -1991.5753820859704,
      "abs_delta_to_mp11_ha": 1991.5753820859704,
      "delta_to_mp11_pct": -99.92851892052035,
      "retained_fragment_count": 43531,
      "deducted_fragment_count": 10
    },
    {
      "scenario_id": "roads_p",
      "source_feature_count": 31,
      "source_overlay_area_ha": 33.5670928508975,
      "deduction_ha": 0.7344217860408672,
      "delta_to_mp11_ha": -1992.265578213959,
      "abs_delta_to_mp11_ha": 1992.265578213959,
      "delta_to_mp11_pct": -99.9631499354721,
      "retained_fragment_count": 43528,
      "deducted_fragment_count": 6
    },
    {
      "scenario_id": "text_potentially_unstable",
      "source_feature_count": 36,
      "source_overlay_area_ha": 34.06542103580034,
      "deduction_ha": 0.7344217860408672,
      "delta_to_mp11_ha": -1992.265578213959,
      "abs_delta_to_mp11_ha": 1992.265578213959,
      "delta_to_mp11_pct": -99.9631499354721,
      "retained_fragment_count": 43528,
      "deducted_fragment_count": 6
    },
    {
      "scenario_id": "roads_u",
      "source_feature_count": 0,
      "source_overlay_area_ha": 0.0,
      "deduction_ha": 0.0,
      "delta_to_mp11_ha": -1993.0,
      "abs_delta_to_mp11_ha": 1993.0,
      "delta_to_mp11_pct": -100.0,
      "retained_fragment_count": 43530,
      "deducted_fragment_count": 0
    }
  ],
  "recommended_rule": "Use `roads_v` as the strict public TSM Class V proxy for MP11 Step 210. Broader `P/IV/V/U` and text-based unstable/potentially unstable combinations are retained as diagnostics but should not be used to inflate the deduction because they are still nowhere near the MP11 benchmark and are less semantically direct."
}